Numero_agente,Nombre,Correo
AGT001,Agente1,agente1@seguritas.com.mx
AGT002,Agente2,agente2@seguritas.com.mx
AGT003,Agente3,agente3@seguritas.com.mx
AGT004,Agente4,agente4@seguritas.com.mx
AGT005,Agente5,agente5@seguritas.com.mx
AGT006,Agente6,agente6@seguritas.com.mx
AGT007,Agente7,agente7@seguritas.com.mx
AGT008,Agente8,agente8@seguritas.com.mx
AGT009,Agente9,agente9@seguritas.com.mx
AGT010,Agente10,agente10@seguritas.com.mx
AGT011,Agente11,agente11@seguritas.com.mx
AGT012,Agente12,agente12@seguritas.com.mx
AGT013,Agente13,agente13@seguritas.com.mx
AGT014,Agente14,agente14@seguritas.com.mx
AGT015,Agente15,agente15@seguritas.com.mx
AGT016,Agente16,agente16@seguritas.com.mx
AGT017,Agente17,agente17@seguritas.com.mx
AGT018,Agente18,agente18@seguritas.com.mx
AGT019,Agente19,agente19@seguritas.com.mx
AGT020,Agente20,agente20@seguritas.com.mx
AGT021,Agente21,agente21@seguritas.com.mx
AGT022,Agente22,agente22@seguritas.com.mx
AGT023,Agente23,agente23@seguritas.com.mx
AGT024,Agente24,agente24@seguritas.com.mx
AGT025,Agente25,agente25@seguritas.com.mx
AGT026,Agente26,agente26@seguritas.com.mx
AGT027,Agente27,agente27@seguritas.com.mx
AGT028,Agente28,agente28@seguritas.com.mx
AGT029,Agente29,agente29@seguritas.com.mx
AGT030,Agente30,agente30@seguritas.com.mx
