"Poliza","Endoso","Prima_neta","Recargos","Impuestos","Numero_agente","Ramo","Subramo","REC_DESDE","REC_HASTA","FECH_COBRO","Prima_total","Nombre","Correo","Dias","Estatus"
"POL0021","END021",4558.16,165.3,798.33,"AGT006","Daños","Individual",2026-09-16,2026-10-02,2026-10-01,5521.79,"Agente6","agente6@seguritas.com.mx",-3,"En gestión de cobro"
"POL0177","END177",2488.95,230.01,361.5,"AGT006","GMM","Individual",2026-11-08,2026-11-27,2026-12-01,3080.46,"Agente6","agente6@seguritas.com.mx",58,"Futura"
"POL0198","END198",3636.92,77.45,534.39,"AGT006","Daños","Individual",2026-10-20,2026-11-11,2026-11-01,4248.76,"Agente6","agente6@seguritas.com.mx",28,"En gestión de cobro"
"POL0226","END226",2580.88,60.1,164.36,"AGT006","Vida","Individual",2026-10-18,2026-11-11,2026-11-03,2805.34,"Agente6","agente6@seguritas.com.mx",30,"En gestión de cobro"
"POL0242","END242",3649.27,130.44,575.17,"AGT006","Daños","Colectiva",2026-08-17,2026-09-10,2026-09-11,4354.88,"Agente6","agente6@seguritas.com.mx",-23,"En gestión de cobro"
"POL0269","END269",1080.1,71.97,249.55,"AGT006","GMM","Colectiva",2026-09-27,2026-10-17,2026-10-10,1401.62,"Agente6","agente6@seguritas.com.mx",6,"En gestión de cobro"
"POL0281","END281",4034.37,100.52,383.88,"AGT006","Vida","Colectiva",2026-08-02,2026-09-01,2026-08-16,4518.77,"Agente6","agente6@seguritas.com.mx",-49,"Morosa"
"POL0291","END291",2190.97,253.94,297.96,"AGT006","Vida","Individual",2026-10-11,2026-11-09,2026-11-04,2742.87,"Agente6","agente6@seguritas.com.mx",31,"Futura"
"POL0371","END371",2687.38,134.81,721.15,"AGT006","GMM","Colectiva",2026-12-18,2027-01-05,2026-12-28,3543.34,"Agente6","agente6@seguritas.com.mx",85,"Futura"
"POL0419","END419",2913.83,243.2,550.24,"AGT006","Vida","Individual",2026-09-17,2026-10-12,2026-10-12,3707.27,"Agente6","agente6@seguritas.com.mx",8,"En gestión de cobro"
"POL0484","END484",3750.97,253.46,315.43,"AGT006","Autos","Colectiva",2026-12-15,2027-01-09,2027-01-06,4319.86,"Agente6","agente6@seguritas.com.mx",94,"Futura"
"POL0492","END492",1281.96,52.88,320.53,"AGT006","Vida","Colectiva",2026-10-26,2026-11-13,2026-11-09,1655.37,"Agente6","agente6@seguritas.com.mx",36,"Futura"
"POL0519","END519",1250.6,155.59,494.17,"AGT006","GMM","Colectiva",2026-12-14,2027-01-05,2026-12-30,1900.36,"Agente6","agente6@seguritas.com.mx",87,"Futura"
"POL0529","END529",4956.31,210.96,494.07,"AGT006","Vida","Individual",2026-11-15,2026-12-07,2026-11-25,5661.34,"Agente6","agente6@seguritas.com.mx",52,"Futura"
"POL0539","END539",3142.17,282.9,715.4,"AGT006","Vida","Individual",2026-12-02,2026-12-31,2026-12-20,4140.47,"Agente6","agente6@seguritas.com.mx",77,"Futura"
"POL0551","END551",2310.39,292.45,533.97,"AGT006","Autos","Colectiva",2026-12-22,2027-01-15,2027-01-01,3136.81,"Agente6","agente6@seguritas.com.mx",89,"Futura"
"POL0638","END638",4008.15,114.38,549.85,"AGT006","Daños","Individual",2026-11-04,2026-11-25,2026-11-22,4672.38,"Agente6","agente6@seguritas.com.mx",49,"Futura"
"POL0649","END649",2202.07,148.62,528.42,"AGT006","Vida","Individual",2026-08-17,2026-09-03,2026-09-02,2879.11,"Agente6","agente6@seguritas.com.mx",-32,"Morosa"
"POL0706","END706",3527.16,229.05,747.43,"AGT006","Vida","Individual",2026-08-24,2026-09-16,2026-09-09,4503.64,"Agente6","agente6@seguritas.com.mx",-25,"En gestión de cobro"
"POL0740","END740",1004.77,263.01,700.93,"AGT006","Vida","Individual",2026-08-17,2026-09-06,2026-08-30,1968.71,"Agente6","agente6@seguritas.com.mx",-35,"Morosa"
"POL0742","END742",1593.41,292.22,268.8,"AGT006","Vida","Colectiva",2026-09-15,2026-10-08,2026-10-02,2154.43,"Agente6","agente6@seguritas.com.mx",-2,"En gestión de cobro"
"POL0755","END755",3229.75,291.84,338.84,"AGT006","Vida","Colectiva",2026-08-10,2026-08-27,2026-08-21,3860.43,"Agente6","agente6@seguritas.com.mx",-44,"Morosa"
"POL0774","END774",4230,200.28,412.21,"AGT006","Autos","Individual",2026-10-16,2026-11-12,2026-11-05,4842.49,"Agente6","agente6@seguritas.com.mx",32,"Futura"
"POL0800","END800",2036.98,177.57,729.76,"AGT006","Vida","Individual",2026-12-28,2027-01-27,2027-01-20,2944.31,"Agente6","agente6@seguritas.com.mx",108,"Futura"
"POL0802","END802",2463.38,261.46,512.18,"AGT006","Vida","Colectiva",2026-10-24,2026-11-20,2026-11-08,3237.02,"Agente6","agente6@seguritas.com.mx",35,"Futura"
"POL0822","END822",2245.08,151.62,401.49,"AGT006","Daños","Individual",2026-12-25,2027-01-22,2027-01-11,2798.19,"Agente6","agente6@seguritas.com.mx",99,"Futura"
"POL0892","END892",4026.6,297.71,768.82,"AGT006","Autos","Colectiva",2026-11-25,2026-12-11,2026-12-20,5093.13,"Agente6","agente6@seguritas.com.mx",77,"Futura"
"POL0949","END949",2661.03,259.49,173.45,"AGT006","GMM","Colectiva",2026-10-28,2026-11-17,2026-11-17,3093.97,"Agente6","agente6@seguritas.com.mx",44,"Futura"
"POL0979","END979",2406.47,287.76,691.99,"AGT006","Autos","Individual",2026-08-21,2026-09-06,2026-09-09,3386.22,"Agente6","agente6@seguritas.com.mx",-25,"En gestión de cobro"
"POL0980","END980",2676.18,97.05,169.19,"AGT006","GMM","Colectiva",2026-09-21,2026-10-18,2026-10-16,2942.42,"Agente6","agente6@seguritas.com.mx",12,"En gestión de cobro"
